image,E1_GPa,E2_GPa,G12_GPa,nu12,FiberVol_pct,Orientation_deg,sigma_x_MPa,sigma_y_MPa,tau_xy_MPa,eps_x,eps_y,gamma_xy
img_0.png,126.83212428010907,12.397813284290734,5.434345545964915,0.26229184902733105,63.94140671701652,71.29782305316282,451.7950325485821,29.678507070466093,5.782386857388817,0.003562149850544107,0.0023938501403365803,0.0010640447517516304
img_1.png,121.4326840392773,9.635224616263846,5.566470004316624,0.304174492982723,53.741407526847745,85.18393975686467,356.3239452669701,21.915824813573042,6.07350396072675,0.0029343331088005713,0.0022745525596341645,0.001091087162244104
img_2.png,148.78097312917885,12.154257968796331,6.927468770081735,0.2679258375941116,50.85545855419174,58.00783420203808,328.59604209589475,24.441353334003605,23.078738673173323,0.0022085891440607247,0.0020109292888757153,0.0033314821674614386
img_3.png,149.10685262628704,8.089364830907206,5.559182139005407,0.28488921701746883,54.17065917206658,31.743490263606443,481.8418423406096,14.749027721376104,8.547255251213837,0.0032315204422446683,0.001823261532849178,0.001537502286755984
img_4.png,149.28247122704497,8.954079381246286,4.2499983541751325,0.3336798291439584,56.459528678428875,60.731242780510776,389.84652276882065,12.507644581205268,6.9590579809694635,0.002611468845366981,0.001396865501036509,0.001637426041384932
img_5.png,137.13472996186266,13.380148691794055,6.43016277170164,0.2832111051500402,59.35038031531588,39.221485841146006,301.1775034485189,30.73328237375947,17.763016645276423,0.0021962161119380677,0.0022969313033574853,0.0027624520989498564
img_6.png,139.2143721383054,11.119532949681428,6.474042724202093,0.32195787253143754,56.40868495603543,13.344120395955933,463.00902434038437,30.86925359949152,16.494789955919057,0.003325870865404604,0.0027761286143206144,0.002547834584757393
img_7.png,135.56774385948003,11.766418174808582,6.515960311039268,0.26970591610864736,57.12519289244048,86.04222822283036,463.6174584098904,21.152464332087867,18.873827755399986,0.0034198213027019438,0.0017976978225518472,0.002896553516973416
img_8.png,148.06646805108937,13.48254730601609,6.763627350200489,0.33899964231170365,56.005266386059674,33.23477077728661,526.3435504320897,37.78191695703154,22.007915188147,0.003554778859521916,0.002802283285160272,0.003253862764555566
img_9.png,148.64522471386567,11.740531715383222,5.191177587351407,0.3208191944726204,51.14236002142139,26.120507321476953,364.6186213272432,27.710086178218248,14.596232991523458,0.0024529454076248672,0.002360207088569137,0.002811738328329971
img_10.png,133.6739249953605,14.65559502351076,4.72536437500996,0.32209781147447264,59.84582955276021,46.57453080986553,338.4785972937184,19.246805520444756,7.227737977271918,0.00253212133410062,0.0013132735647763667,0.0015295620408651944
img_11.png,149.07501175081796,11.309780065127658,4.088986559162343,0.3099074081252211,51.50171469046999,71.09824841030971,582.3930229287588,32.04196499442403,9.33659140297606,0.003906711232746646,0.002833120079250839,0.0022833509643251856
img_12.png,148.73082476467954,10.386782279576778,6.157850704209271,0.3183294663055911,63.03391020423837,30.0970240782285,314.1424604260911,30.55024123291501,12.851877395863758,0.0021121543629111466,0.0029412613464503863,0.0020870719368169654
img_13.png,129.00565998245975,12.125174270603441,5.97625735874177,0.3061901677773878,51.41460146600929,43.55262491691896,274.21279376019584,12.187707720413599,9.592624437451015,0.0021255873098705836,0.0010051573237971321,0.0016051223803840047
img_14.png,125.03918931176463,13.458972630927278,5.5413236009628815,0.26170689330301267,56.923884068461945,61.865534576895996,324.0610483177442,38.0074218727186,19.67100364995457,0.002591675858596231,0.00282394673909817,0.0035498745546166015
img_15.png,123.36685049821025,9.199342884604011,4.477736169442397,0.3134583855260937,64.95959682407067,37.36168067524065,472.14239008441103,25.61917021614156,15.384732808531638,0.0038271414742103724,0.002784891327294443,0.0034358283352025776
img_16.png,149.74273462338712,11.24614828961959,6.653558369542733,0.34442631643478855,54.92508625913483,26.912178789016387,581.6358028233594,24.242472375545816,10.485084141487507,0.0038842338780990734,0.0021556244637039048,0.0015758611496494764
img_17.png,136.9837441879548,10.517484161555972,4.154633342670272,0.26060966087764836,62.87840841892388,63.24950683339758,484.7574365031672,13.097831096921617,4.768370481043411,0.003538795346680213,0.001245338799253671,0.0011477235384575904
img_18.png,126.94041851588597,12.612062096767804,6.8165940896440755,0.2835224695855359,59.89039559413308,32.96113506655162,320.9747614307387,33.154746653693024,10.684228595840073,0.0025285465825888253,0.0026288125129188718,0.0015673851861110223
img_19.png,135.7657379975404,9.034026360102809,4.283082408594829,0.2591062524363155,52.164047138373896,2.5670890130598534,479.26439223817124,15.661408596906696,7.979852601934624,0.0035300835049182568,0.0017336022690915046,0.0018631097515008146
img_20.png,126.09703674664551,8.971659558913549,6.096305983140792,0.26056943660576887,50.30193497822865,83.74403579278132,472.29882497153443,15.403420283842522,7.9347792517445015,0.003745518825477861,0.0017168975464008631,0.0013015716851627805
img_21.png,145.21962483251752,14.680809946680153,4.1899787640468205,0.2648692508430003,62.12034998821348,79.63125835843694,291.85622649858226,42.43413874325082,9.901485577563218,0.002009757474826019,0.0028904494300634053,0.0023631350264887822
img_22.png,134.11333161402374,9.278834724790332,4.790136839360534,0.2853322559028058,50.59477122233594,19.801953309641213,476.5549664578872,15.605087843370397,7.465326630190476,0.0035533750502105606,0.0016817939219973565,0.0015584787826618894
img_23.png,131.37712546393956,14.431369006882814,5.755054728290853,0.292236242426677,58.903504068086875,9.404358891322667,462.5474342869374,30.775647795142586,22.502064022289492,0.003520760807130748,0.002132552204885387,0.0039099652539659165
img_24.png,124.20568297733828,9.12307253724243,5.1223988040713735,0.2601455060306134,63.45562151023056,44.812451284409995,373.80333418687724,12.974693026022864,18.448143155911506,0.0030095509740490608,0.0014221845735696227,0.0036014656143618868
img_25.png,129.84967562897418,10.372539160974997,5.071646393408432,0.30887867413429193,52.72848901182061,39.014989670790214,277.27074545553893,17.80582178669324,15.215949166536838,0.002135321048069447,0.0017166309531695737,0.003000199143677062
img_26.png,149.0171719743439,13.944329467832054,4.886243281910662,0.32479765226173307,54.09963594435662,2.26938230364183,376.39580861458325,18.41027858288424,9.39880339826713,0.0025258552663943107,0.0013202699079475,0.0019235234219840006
img_27.png,134.55901108343363,10.072255295990852,5.673942044759681,0.32775294569320584,50.40236865867255,24.088567172116743,364.5482136787388,25.78392097707269,16.11771900225396,0.0027092069921106944,0.002559895497022965,0.002840656262455114
img_28.png,140.26243840337858,9.148267584894626,5.288244031359478,0.3063563591295436,50.928081499424174,13.92022272927409,460.27308382080776,11.838708395059466,10.656996870737771,0.003281513490426535,0.0012940929290926322,0.002015224109844666
img_29.png,132.26241889017717,9.197516111551213,6.763236513746037,0.29457990184095445,57.66040877775648,32.89468583169561,402.66612087221176,10.720480687601288,16.070797955722185,0.003044448485450441,0.0011655843335938683,0.0023761993127194153
img_30.png,144.08086909343822,9.130201861759184,6.293433057775612,0.2874215631194458,50.40592567975595,85.78870642136174,340.42209225930765,15.243208679447468,15.36971808075576,0.002362715427809779,0.0016695368744574991,0.0024421834537139138
img_31.png,123.3681546206479,14.552406222705983,5.576913144933833,0.2935023591549105,57.30735926469202,49.93277020063468,273.3421730289193,31.5716349154808,19.53408706608391,0.0022156623309267736,0.0021695130298259456,0.0035026701256463035
img_32.png,120.60657510745048,14.222493499525633,4.749332647571722,0.30904924098466147,56.708618490136885,39.00985064290005,349.8481559635893,33.6725649324023,14.381136361190569,0.002900738667455763,0.002367557062587189,0.003028033079246086
img_33.png,144.27238224226977,12.710726992778124,5.455309393873478,0.32117903317969115,53.23980464638314,83.33010472933269,530.740778929717,13.532987864084996,16.41490682444848,0.0036787413549356184,0.001064690310143083,0.0030089781604106733
img_34.png,121.11351985502658,14.47008640658127,4.958145667465893,0.30960419196540845,53.326316295672804,32.28616295500657,353.5704136727894,34.4025333727044,17.94487050561371,0.002919330675023026,0.0023774932924420875,0.003619270531594795
img_35.png,143.4561981762878,9.735260561957904,6.673251928173066,0.322186184754493,60.757937823492966,27.530258320747183,399.62901287547743,23.978243624188373,13.949893362492778,0.0027857214812314255,0.0024630304932861495,0.0020904191108984307
img_36.png,137.80592332571504,14.355719123534696,4.730748134608405,0.3227370905903127,50.307377981969495,53.80122464159758,358.69656095547884,17.89280827611019,13.625689603854324,0.0026029110527250095,0.0012463888518671842,0.0028802399147343774
img_37.png,138.418895637501,9.113197515025963,4.632016252983857,0.33798478786313524,62.35590644195626,1.3394522700531875,540.250595130446,19.71500967472621,11.180323156237534,0.0039030118875192,0.0021633471284057916,0.002413705510863737
img_38.png,143.80812730046603,12.50741126317019,5.157168445050077,0.3102169788949625,59.32784859862694,60.97065265698859,397.3348036397519,22.957233970003056,19.247477926402,0.0027629509618018943,0.0018354904533765368,0.0037321794181215855
img_39.png,139.1321086677931,11.503727380794157,5.144007958762093,0.2938799292391252,59.64774910184328,82.87723841602882,533.64985652564,30.932651001769266,12.071616474926621,0.0038355621979383647,0.002688924204985275,0.002346733630993771
img_40.png,126.42685586103802,12.94636428354562,4.847130622508669,0.2524201546644001,62.786034737259655,1.681416198821638,391.69205744581853,18.71451499938567,16.14734230274687,0.00309817130844689,0.0014455421297831987,0.003331319817906969
img_41.png,125.32262782466071,14.541112068237789,4.042975737672284,0.3023042066938313,56.46364376996757,25.306649628606195,450.6615463063736,20.914640599029724,14.860345675830677,0.0035960109848390317,0.0014383109421674605,0.0036755960559848476
img_42.png,121.88897377940717,14.009446633919497,4.811987440971593,0.31793560217466893,63.11717378092307,48.25233548568071,399.95860817311365,23.54097199751791,15.30027779688826,0.0032813354298720466,0.001680364158033252,0.0031796171508292562
img_43.png,141.1866359268401,11.058758424723091,4.702419373547982,0.2914818263608955,58.88610197334908,84.27530853917202,423.40313190753994,30.696083197202668,18.591804580525853,0.002998889584187971,0.0027757259918598223,0.003953667910843586
img_44.png,143.99516397880416,9.519595605206952,4.268129106839069,0.30823733164526046,63.032378413646676,31.582913492903245,565.9578633490372,28.07128489040938,4.456795494462886,0.003930394936265674,0.0029487896392421517,0.0010442035334220575
img_45.png,140.54822501008925,10.445151114031294,5.045517505411601,0.32484451690815397,55.303218042927085,31.502277490466987,450.3529421624444,11.910715897018196,10.220957442160358,0.003204259193811347,0.001140310539023046,0.0020257500704730104
img_46.png,121.9323225082369,10.58257154806922,5.245743717046132,0.31431484234912627,54.95390216717635,8.486787014568323,277.9141524167022,19.93190914630292,14.25777568211314,0.0022792492318673605,0.001883465569381336,0.0027179703110127664
img_47.png,132.16889849666487,8.873081920459446,6.919476429187554,0.2502003314201229,61.581776991197756,47.385725212748824,286.9589013222374,11.003187216080944,19.166933581245413,0.0021711530063896122,0.0012400637472657528,0.002769997669245025
img_48.png,126.82071841404138,12.560288498576437,6.489773417422342,0.32234558912541916,60.61979029603292,41.915978252129726,481.9178239923435,20.42967894159155,24.136092683166204,0.00379999285620658,0.0016265294339303604,0.00371909635833677
img_49.png,142.08931642188915,13.756524538258738,6.015138329124266,0.2641866679519156,50.447817885540935,76.3275992341789,485.1386271538243,24.719414937270507,20.394394062840952,0.003414321634945157,0.001796922970516463,0.0033905112313202842
img_50.png,120.78031944381932,14.349443709126993,6.041044524977215,0.3290719289142394,50.39767553851757,36.06270010301468,422.0370543770337,16.975611203501096,9.454987068859431,0.0034942535035548013,0.001183015282516055,0.0015651245458905292
img_51.png,139.08432230600894,14.718550865191869,6.559116807115122,0.2757603050435882,50.36258205843899,53.939936012376315,426.67105637883714,28.267731531091595,15.910368888312254,0.00306771496100106,0.0019205512682598663,0.002425687688783525
img_52.png,141.52477979952207,12.478548422493962,4.6986107725354715,0.3248165913828086,62.110131398947786,3.3906069707633266,370.26939156799415,36.8815565687222,7.203823849518146,0.002616286646709515,0.00295559670243689,0.0015331816569327805
img_53.png,121.35770608060741,14.932114111275236,6.296435766569173,0.34854490577252306,59.94123933747818,79.46506537823896,352.0125741690481,25.359345677400306,25.068350383662736,0.0029006198744003665,0.0016983091267867736,0.003981355692813186
img_54.png,141.6137874780715,12.42251188550285,4.594542794852224,0.2553125635820901,63.3395904446334,20.329307243679885,565.2585493192581,15.29012921019173,6.17073451382716,0.003991550253585208,0.001230840376819072,0.0013430573594266917
img_55.png,142.01263430091905,13.606863969248625,4.365159414613987,0.3236997488051068,64.04548533513969,52.266030701182714,455.7697330375943,39.6047788155935,15.750790716141474,0.0032093604578296644,0.0029106470752628894,0.003608296792875392
img_56.png,122.98624034758922,10.654692578067701,5.664624055267932,0.2607790006190081,50.584146480878,48.8104181001674,274.150905351819,16.006952627993957,14.115218187268393,0.0022291185142094064,0.0015023382899797305,0.0024918190597559005
img_57.png,121.7122398137573,14.157523489667136,5.4596053152553345,0.2723548208037235,64.68630369394965,67.78406914956014,393.5525954908055,42.14344112066227,17.85160028977312,0.0032334676947282813,0.0029767523360579723,0.0032697602223904047
img_58.png,140.6384378046573,9.218754391446822,6.612590205847533,0.3358673795767674,53.244087744826565,42.62166851911185,418.54429017731474,26.204083923712524,24.578049939659078,0.0029760305696701537,0.0028424755461567263,0.003716856658972249
img_59.png,149.72713788307271,12.98475736666208,4.471450074164994,0.33626671187777146,59.903952990643745,27.140205807923554,449.68228301888644,23.45066515419174,16.15820875274761,0.0030033452143462423,0.0018060148905362312,0.0036136395318614885
img_60.png,131.8923894892317,8.927037506472551,6.926842039238447,0.26791031676161176,53.78177792796289,68.78353619482226,356.30771423537965,19.351469883613593,22.754151587824477,0.002701503214971098,0.0021677370426171952,0.003284924278470499
img_61.png,147.5638970175773,8.880483311083784,5.967643615403624,0.2792317928212205,60.81959895164192,75.02982431847083,415.5739456925309,11.565190350235579,19.07681520410197,0.0028162304878884383,0.0013023154196800297,0.0031967081872753054
img_62.png,148.7788682581281,13.420326607313118,4.3631212272727335,0.3450656650558591,58.636507314504385,40.54208016465092,533.280150051688,19.558308554505743,16.905361159534618,0.003584381009851873,0.0014573645729194001,0.003874602670644036
img_63.png,148.19567555652534,9.222400829311338,6.747059452222931,0.33278615847341475,51.93038637951827,24.582687573414944,506.95447276014534,22.268173909568567,11.477168802669079,0.003420845249744017,0.0024145745041566787,0.0017010623493005882
img_64.png,131.33216909591513,9.036410866002027,4.82179465490961,0.28325009282289576,52.310265014141365,73.14419339318728,263.2470139733746,25.586986798135538,6.677454570579316,0.0020044366569558353,0.0028315430957662913,0.001384848391206426
img_65.png,126.64626590397303,13.493330281588259,5.395833773473532,0.32015632106065517,55.212808872350834,51.96871478706029,439.50408105279996,30.003086214942854,15.64810481715206,0.0034703279872937195,0.002223549382459145,0.002900034633031087
img_66.png,148.04281768996688,11.864134530019411,5.715576124772181,0.279876051457981,63.19077184769541,80.22518072778823,507.8303444409737,14.219754679489967,7.162514487737699,0.00343029369722264,0.0011985496829549774,0.001253157045130458
img_67.png,133.78654359044478,12.205490858623849,5.879495178498214,0.25822664563641085,55.309758459921035,32.29137157407057,459.34938715240133,28.737327343768655,23.32260013425122,0.0034334498434953867,0.002354458962497535,0.003966769157247351
img_68.png,129.608055190602,10.86421303219006,5.121177673828731,0.2979042944148195,56.20973010758718,34.761408480338545,430.284968137213,16.776792534066455,19.603367665196153,0.003319893717288132,0.001544225291271236,0.0038279022743884115
img_69.png,131.15018577415964,12.47071349242511,4.598493644182632,0.31374674784300954,63.803753801356066,84.32477567330213,416.1341231752889,34.40913980834165,9.941607405750043,0.0031729587016511816,0.002759195761272381,0.002161926964567357
img_70.png,139.27905206231753,8.711519744837677,6.839196228006933,0.27880880874493275,62.211464634189056,82.01308824887158,514.5012506984122,18.414445976338712,26.811357132354498,0.003694031823739073,0.0021138040796212223,0.003920249725042298
img_71.png,122.55818801801266,13.960799709152486,5.45797600731997,0.28649245370186127,57.822736897124095,43.87905972993326,270.4050923429169,15.360398034012333,16.569357171384286,0.0022063404878601405,0.0011002520166478924,0.0030358061576603265
img_72.png,145.1664631642424,9.249490092319418,5.000144683946802,0.33035098476189073,50.45669715505226,82.84408769200986,405.4662261882574,27.341157795014926,15.520847744074034,0.0027931122474859084,0.0029559637906654388,0.0031040797267135973
img_73.png,136.35214901778156,11.706247222715456,5.840502199633308,0.25140831670777786,57.54945028846267,25.80154921129873,478.88507221349874,19.8586124882037,12.088592239543813,0.0035121197257481276,0.001696411506641423,0.002069786437252397
img_74.png,128.58393774390777,8.909136065616373,5.069018185905934,0.29839917548663936,57.76140133407347,2.212574306375239,411.7284739164846,20.137086521077016,14.846323877290006,0.0032020210388679906,0.0022602737653534587,0.0029288361834189543
img_75.png,122.40034444385674,13.67361027370825,6.466538374360483,0.2730242370867524,62.25272991266537,32.76901774739299,315.5400988970522,35.33743448410321,20.175746835988317,0.002577934729928688,0.0025843529087596104,0.0031200227491085795
img_76.png,129.96570784414496,14.18066230553665,5.405673092536809,0.29550466704977024,50.47485136618137,57.540854842134316,379.3295818058701,18.295242132842063,9.35839610583686,0.002918689769002471,0.0012901542776107805,0.0017312175460179545
img_77.png,126.90994390569291,12.31318002580557,6.232575968320305,0.26032913399905305,62.71642289590259,82.22981906556555,348.33252796031456,33.92388668797836,8.4034617884507,0.002744722101675195,0.002755087363043646,0.001348312773268202
img_78.png,141.65626800675813,14.989482955770388,6.9716214908033205,0.31193375023631065,52.29652379069337,89.35306815221405,489.20529633895717,39.77982263120436,27.496392612993255,0.0034534673489747605,0.002653848885153882,0.003944045535068904
img_79.png,143.1717351004851,14.395379692569652,5.576554562902416,0.31719775207252393,61.30969194082367,53.48648852792085,487.96879765600926,29.770932367548745,12.259100506460719,0.003408276063103714,0.0020680894150305303,0.0021983288010868586
img_80.png,128.49788197882071,11.24324748695781,6.2731413169486405,0.26682198075642183,62.2440420406592,43.185410884962494,373.21283778238353,11.616485414149833,8.610424482337141,0.002904427933247158,0.0010331966300328246,0.0013725857664123838
img_81.png,141.5242420888354,13.155239943681659,5.1375649753427375,0.30655852862279354,62.326558129528664,17.02570149417508,288.84330917061317,27.354914118985796,15.377639744237568,0.0020409458118793877,0.002079393020278897,0.0029931766932469197
img_82.png,132.529702629876,13.514887168075973,4.5400442499412295,0.25714387627116236,58.42587470636299,77.30155927480091,414.0855550834235,35.034778048496115,16.699541565241983,0.0031244735849130074,0.002592310066136038,0.003678277269094494
img_83.png,134.81436373406993,8.317758009773447,5.707843490128995,0.34016389268800845,63.00753311600644,21.943358121956308,307.4074371663344,21.477523765803365,15.060420488993653,0.002280227630437922,0.002582128951162929,0.0026385482564542594
img_84.png,124.4582867423323,11.33349261413348,4.533698093657515,0.3381273457066835,60.4593293311778,2.8238917345939454,249.3312459007312,33.63238681588742,5.075659539472089,0.0020033318184503462,0.0029675218364677816,0.0011195407004654235
img_85.png,147.08867473361985,9.328154184370028,4.425586968714344,0.2569163953647429,56.38557098248326,52.81762280150747,560.0355940066239,23.95000847656268,6.544871782774414,0.003807469167975428,0.0025674970635340254,0.0014788708998471525
img_86.png,120.37805566140985,12.310452339661982,5.093126825744942,0.3170009892067543,53.33448610958655,22.547435099462056,457.32938597502056,28.678502334147293,6.456336621361596,0.0037991092600910712,0.002329605894476396,0.0012676567543391708
img_87.png,135.62223431102385,12.349292450066272,6.887264051820507,0.2924503270112122,60.02048085287653,46.99170292202705,523.9373952695677,24.39344733800218,12.17940918410193,0.0038632116476419102,0.0019752910894802944,0.001768395852469538
img_88.png,145.832116833368,9.209484761197304,5.374850289894038,0.31432341811717834,50.72852947778859,3.289962637327135,539.2784902523807,26.98483786562045,17.641816945464566,0.003697940494607069,0.002930113743096331,0.003282289923244051
img_89.png,138.11432519488963,9.301463975742353,5.565696401430262,0.32456678569049935,60.97558823272899,53.61507505789561,312.26195419353604,14.956886841247561,12.341077766407604,0.002260894760575423,0.0016080142739093766,0.002217346559405615
img_90.png,120.04599400772031,14.38997115623769,4.394801864990541,0.3367208095943624,57.714351300931654,16.093477374081868,287.36207211529126,29.56208648284433,14.871875153474159,0.0023937664433584566,0.002054353421690488,0.0033839694280520583
img_91.png,145.55272148300006,14.880517520881467,6.235081780817543,0.2505579063805163,63.55186320289474,2.3898610929217803,552.263896181977,27.091976538225513,20.110806968554908,0.0037942533162904756,0.0018206340270227835,0.0032254279375174416
img_92.png,146.3059776906615,13.253771279552542,5.632921024618348,0.34356905444630215,55.733065037581454,58.92519457059544,460.93410237395994,35.56166713030755,14.075429304621984,0.003150480312899619,0.0026831357189006913,0.0024987798059135135
img_93.png,149.562456000788,9.210332286129505,4.994124656192273,0.3337015516023785,60.315778038991255,5.2418165698812444,530.8279993198594,21.427704656400643,19.234818649653896,0.0035492062213598754,0.002326485515475934,0.0038514894949216814
img_94.png,135.55866980048583,11.325449199143183,6.107057796643469,0.2734037501725518,62.57958999432205,66.41057105015172,364.0059652384791,14.050082790031457,15.354944639314905,0.0026852282172303713,0.0012405762052329372,0.002514294960128626
img_95.png,141.48024229873005,14.596953539393391,6.298258740504748,0.34856110796274326,51.86434476943644,86.26103606936807,388.7926477686033,30.957289587494596,24.747800814815264,0.0027480349301896353,0.0021208048312237825,0.003929308374655938
img_96.png,144.96335877164574,9.50023811362905,5.5069501668941765,0.31952185958040874,64.93746130529405,24.389086454789954,474.20707532083117,12.41409911917019,19.04810194364741,0.003271220254132137,0.0013067145234350402,0.0034589203400019514
img_97.png,123.78230065165796,8.696021451948255,5.695552478618534,0.2873806512601897,54.760089462521,41.39395900977362,443.71416524302407,11.661503261800345,7.723531046673314,0.003584633367671058,0.0013410159262185013,0.0013560635382902607
img_98.png,124.16811827648812,10.818299661847394,5.9007900055970435,0.28016503139149435,59.1932040128858,86.24807288421451,479.3846553711521,26.515945074396505,9.045245624721376,0.0038607708808447504,0.002451027047060785,0.0015328872263106704
img_99.png,139.63072926054366,13.192180071232983,5.878593379073306,0.34392449014577214,55.88551791259251,49.957416795471076,546.3481426183008,36.92860669587334,6.421823769790909,0.00391280734199163,0.002799280065650429,0.0010924082268815194
img_100.png,126.26936920681094,11.442915901943334,5.696261967247652,0.2585284662776832,57.404615900672994,77.48584413709634,265.7196962030127,26.142636498623283,22.59289748249099,0.0021043876109636877,0.0022846131809972944,0.00396626728412344
img_101.png,131.45512589711302,13.264004017774853,4.047000321254439,0.26879674059483566,64.59835896529182,7.80545642507291,436.93136499216087,37.583754608600636,14.48275529758108,0.0033238062191210194,0.0028335150199167098,0.0035786395225913636
img_102.png,126.08177774904928,12.592564006297865,5.891301679384231,0.33261468364677643,52.056277609586836,19.80728627314525,473.1135447074001,29.369269536934805,7.28662654424194,0.00375243396114763,0.0023322708165109565,0.0012368449182869805
img_103.png,121.04713065433775,14.124678291810023,6.570480406186755,0.327460282917173,62.36571805540865,54.391454677344235,277.75661730510717,39.960353255501445,9.350247102855894,0.002294615459314514,0.0028291159932946463,0.001423069018522864
img_104.png,127.56779920302179,12.020398106112435,5.458337092177008,0.285257649693512,50.176667206838765,35.80636250499269,285.3335838744736,17.433360708493264,16.72925886243991,0.002236721066421868,0.0014503147528556737,0.003064900276389416
img_105.png,134.85410648690498,12.288699776177546,4.989015487664032,0.3211217368466899,54.54166443378169,75.47920809411039,529.1943465045927,12.624893845353164,6.73186124687592,0.003924198975401466,0.0010273579854092742,0.0013493366103034343
img_106.png,124.50150579393073,13.391092863517738,5.2433614444449965,0.2594775760160688,60.55968109941672,68.76424327703637,275.21699177692466,25.600364709326037,12.81395483460509,0.0022105515111797234,0.0019117457380249262,0.0024438435096212274
img_107.png,123.61848919756238,12.230787900560792,6.079043767488322,0.3365926629619047,53.69002456987874,11.154582260540653,487.9123011361002,13.209552438792663,13.668968165925572,0.003946920111249194,0.0010800246514116227,0.002248539192796958
img_108.png,120.67457535889082,12.924599734679378,5.848788067868325,0.26721859846356666,62.93242154273429,25.71035779445451,370.6344643512942,33.88887493293784,12.326394664370621,0.0030713550327317336,0.002622044444595601,0.0021075126199372025
img_109.png,125.9522479110593,14.849614463445974,5.559616182216594,0.2706313203277685,62.6714319233393,37.83366464841099,412.1502496724549,39.90290480947586,10.716766380118282,0.0032722738697247645,0.0026871340604634163,0.0019276090343066732
img_110.png,140.4316691822354,12.418842355480058,5.480637508112248,0.2583135456151738,64.77780314249792,41.919067054632755,292.47607162948015,20.944658855323837,6.021799285099797,0.002082693122802234,0.0016865226448487443,0.0010987406622288995
img_111.png,125.87321462115142,8.775085126452915,5.580279540555576,0.28794000459435015,60.899028555309094,35.32527365211206,391.61877513305194,23.17751559031624,14.41103807543784,0.0031112161257796722,0.002641286694808978,0.002582493936137663
img_112.png,132.43454908127825,8.822826922019052,5.195997545286681,0.33622207102434143,55.59368233779862,46.2724177328535,473.8881260270126,17.927542050215045,5.934694738340687,0.0035782817196453485,0.0020319498737387033,0.0011421665785281369
img_113.png,146.70018156252178,8.651136659334949,5.0372047665066715,0.27860113145358023,54.89006604473688,82.13296148812894,313.90593261646916,13.554371244596863,16.184746859747882,0.0021397787601420684,0.0015667734516678932,0.0032130412818163223
img_114.png,146.7234199528911,8.144382849801033,6.468239783496111,0.3254145809393142,52.42538224018961,33.574104540509246,559.3014170838263,10.528828362957377,8.629164057983019,0.0038119437051249406,0.0012927717860432598,0.001334082276912579
img_115.png,134.89280957561184,8.065930981920214,6.521891277272051,0.2566347099378153,64.84030255039212,31.476234506216088,411.37962909995343,24.190414656595486,11.78905144847842,0.0030496779657433236,0.0029990852526284076,0.0018076123853155515
img_116.png,136.74337076990963,8.538851396734724,4.262710837022582,0.25689287313314224,53.14831515804674,41.011363439022716,523.6885642333252,14.486897291444688,12.339288113102231,0.00382971811565554,0.0016965861821865772,0.0028947044697315138
img_117.png,141.56796252627393,14.773156103291061,5.95875044963759,0.3376799473104489,50.40095329057287,36.94883014232014,446.1229811863211,26.747327669702877,18.730951680703743,0.003151299017272528,0.0018105357773715186,0.0031434361682058623
img_118.png,137.77904845774603,14.864679614398646,6.612664175149785,0.32028939687766217,50.189738195201464,77.38780861362527,522.6603744790096,15.994317234828983,9.040564361070098,0.0037934677320644932,0.0010759947506259143,0.0013671591542549972
img_119.png,145.5160756685213,10.939052734416421,6.040997781891492,0.32761882885967725,54.958118295969946,28.64531372872411,291.824178313318,16.07912498035046,18.38868834189402,0.0020054428830123183,0.0014698827559138056,0.0030439819721530094
img_120.png,132.4577830881426,10.479705909653685,4.547237751772867,0.29443330823404446,57.55730993226163,23.972864255057342,404.30429589940434,23.939174973679094,11.64522376834167,0.0030523257031288558,0.002284336524331931,0.002560944556682011
img_121.png,142.1927535812682,13.494761998288709,6.200939276888815,0.34520094803114737,60.97415793682075,10.726312918097797,512.2241854013167,15.900156900977096,13.586828572040604,0.003602322709845847,0.001178246559886971,0.002191092020958718
img_122.png,145.94824846729233,12.617270882251578,5.135812418918011,0.2555485641075672,54.671047979344394,74.81584039312717,319.6707739542921,27.055891853217997,13.02195713209025,0.002190302229121522,0.002144353727974319,0.0025355203948110036
img_123.png,139.8307100245262,12.000213376156879,4.441905297152178,0.2635447159962531,51.989903611601136,23.356653850486747,459.1451473290755,16.96560302839862,13.237877333797375,0.003283578744959113,0.0014137751135415168,0.0029802250269235875
img_124.png,123.34748886299585,9.587707150986619,5.343132030811121,0.2748424984375644,64.19908766715345,14.580377605478748,388.09766050387384,19.13400986963009,12.596570435552009,0.003146376663856858,0.0019956815084471074,0.002357525579176034
img_125.png,133.64405242755956,10.179386546409239,5.7465557795066236,0.2502866066036678,60.9961235741782,72.22032709824065,299.829557496561,18.376305852596754,8.247564811951861,0.002243493459307369,0.0018052468848507343,0.0014352187864188739
img_126.png,145.09647199643533,8.025489924154886,5.377655497046984,0.33878022982230105,55.58289454762519,29.089696923857666,489.14499086847763,19.342236898612313,15.7537356098592,0.0033711708088980607,0.0024101004526087075,0.0029294802574300273
img_127.png,144.62878187949582,12.552005403853336,6.967577693134319,0.3012522418324963,55.63235461431211,82.73901009474585,405.9629327607759,28.62773040788343,24.22860495271039,0.0028069304566156325,0.002280729611468699,0.003477335455704307
img_128.png,136.1610675672765,11.708167274368765,6.451460388210401,0.29128187961742225,53.753356992456624,74.76714788621744,449.1984335535646,15.367113705579591,17.48688941769322,0.0032990225589382806,0.0013125123125991634,0.0027105319362495514
img_129.png,149.3233234128157,10.904915680916053,5.111161409183891,0.32875662136357325,59.45876994709975,69.14703192970991,531.4567923393344,24.78817906785973,18.060511157803276,0.0035591010177966737,0.0022731197372979073,0.0035335434966603865
img_130.png,130.91690340199528,8.350969047723982,6.464940377509439,0.27556780504823175,50.78434623679071,6.57759952179478,515.6800332291003,23.58287566055199,25.059566626101553,0.0039389874021511645,0.002823968754497946,0.003876225481255796
img_131.png,142.32909571621462,11.2925487511799,6.689745024185973,0.30176824969702465,64.82248450387998,63.06250075232333,537.1121718467559,33.27425345065991,16.157545859002422,0.0037737341696998236,0.00294656717308245,0.002415270806374047
img_132.png,140.85507601076486,11.160295791922053,4.457677407645356,0.30877668537759867,58.92109812980474,16.177677273817103,411.5719063688951,31.21859461719129,5.983267756088021,0.002921952960626287,0.0027972909678422374,0.0013422388407528386
img_133.png,121.0432224589781,12.92671161015611,6.536854000053884,0.3088329113401992,64.63587008722934,37.58994573135885,423.61788385397864,30.671673400247755,7.151899592224161,0.0034997241088615596,0.0023727359536782726,0.0010940889290421978
img_134.png,129.80192245269626,9.76269594525926,5.873674844465334,0.26007103049115815,53.61960603378366,49.75087169253424,462.0203270610882,26.728544152509222,13.388362307462309,0.00355942591859117,0.0027378240910481836,0.002279384314247143
img_135.png,130.61446161679248,12.465619795818473,4.517211441101029,0.3081095716977958,50.22903888960596,75.66713518107112,415.46365370025825,17.963197375751808,9.050945749098386,0.003180839614216532,0.0014410191927863442,0.0020036577581350277
img_136.png,148.6990539763546,9.167925478632034,5.958344977565719,0.3156343380936206,55.3264448919255,77.8662134750281,530.064955370789,22.362699799514505,6.474754169317126,0.0035646827682917024,0.002439232283425071,0.0010866699047631153
img_137.png,127.46587386139588,9.252188256240746,5.546803815675643,0.2790574384683481,60.05669476792684,23.85842227196497,298.32642596436546,20.01338827030726,18.207488872017162,0.0023404415387977516,0.002163097822486255,0.003282518992390098
img_138.png,130.32255935398172,9.38663312421075,4.7324655225131576,0.26957099822592157,64.83642309809186,58.17164077070593,282.7067224299662,19.159311199282364,5.908301343410925,0.0021692846106718877,0.0020411270948541864,0.0012484615715220985
img_139.png,131.4634480669463,11.935240221080818,6.957408525169733,0.3090141814875956,56.33600354327156,42.045844255523114,457.16054316816826,20.651845553732272,7.961560377603092,0.0034774726350959868,0.0017303250853096031,0.0011443284304494484
img_140.png,133.18999054832227,8.461544870673407,4.668276614385348,0.3463965012983117,52.25742768357415,24.74820510996608,303.3988860779485,23.895432337011666,17.620448267513456,0.0022779405932000065,0.0028240035008063437,0.0037745081800028392
img_141.png,130.58842358898661,11.012758384667293,5.049254460941268,0.2562988832917972,50.82454467879828,68.51942129151931,335.5753123733691,21.7420489335714,19.878463017584913,0.0025697171552476754,0.0019742600513094114,0.003936910522405961
img_142.png,125.8145823784262,13.157497506447015,4.154284864267212,0.32289540010335377,62.13042555026823,5.488375829459825,353.13213144579777,16.378722849712826,14.37996452463049,0.002806766312537953,0.0012448205170996576,0.003461477725882194
img_143.png,122.09538542593943,11.821298864693153,5.248402145631129,0.3489264761346925,52.80659691161287,33.256364759497934,252.36102006221918,33.43629434841434,15.048544060067679,0.0020669169369656173,0.0028284788948428514,0.002867262005178924
img_144.png,133.8809729177135,8.469898065591853,5.958230702851079,0.33953861646035116,57.774784716035455,63.18512402670389,476.3054911472583,16.387289448259335,10.423314932860306,0.003557678740802154,0.0019347682016187568,0.0017493976740230342
img_145.png,125.98765331113462,14.77431956009721,5.904707843882066,0.27294088693909546,56.69904901036048,32.480893702015194,282.79459727003706,23.1839713719146,15.713336454028385,0.0022446215151865523,0.0015692073856673813,0.002661153924882016
img_146.png,146.04016720735257,14.028033037747107,6.581908546225496,0.3360723164220575,52.79594148981966,76.83262562560702,328.6830843081896,25.65645921870913,26.18314062707383,0.0022506348122808893,0.0018289420298392412,0.003978046860296925
img_147.png,148.73580502143676,10.046828925130635,4.569755070181762,0.31257325799950336,63.37774421719949,32.662982045754326,319.90836353910595,20.827759226136493,18.075667182244736,0.0021508497129726005,0.0020730679681465443,0.003955500219298575
img_148.png,130.1752705599825,9.503545509193689,4.506428980617471,0.2995261619559811,64.71662619774867,34.379283511912114,387.5097182644646,21.600492425161132,13.87426798156937,0.002976830519325918,0.002272887776910723,0.0030787721367059725
img_149.png,149.16479927183184,14.805938695274325,5.441477512352227,0.3158404063689916,52.33683818544177,20.34694599966526,464.92839918279645,21.841481366001428,8.981811567069665,0.0031168774499909318,0.001475183830996995,0.0016506199918461177
img_150.png,127.39679630985019,10.28894964393275,6.463695310619308,0.2996778740215681,56.87303464788672,57.01290306465148,371.195298321096,19.219793653914923,21.949486762362874,0.002913694135748024,0.0018680034715932903,0.0033958108647698343
img_151.png,143.73548249401227,14.830612716278445,5.233605203965817,0.2742636123850936,55.91154401454408,69.01186327487996,442.90646703041614,40.47841227847038,8.941224756460528,0.00308139966099788,0.002729382329162994,0.0017084255323051927
img_152.png,129.66314581930544,9.916920710236287,4.7303175729270475,0.25807795763231145,56.496047973526856,22.021617952206096,508.54374905525884,21.85102232144695,11.286778658691386,0.003922037721990408,0.002203407989225147,0.002386050933089319
img_153.png,145.01086100599707,12.065201216767242,6.653946092435651,0.3048881707688058,60.31145917317388,32.96425077304416,376.10028964961015,20.168730078240436,8.705976356334498,0.002593600831278811,0.001671644733965279,0.0013083929799539012
img_154.png,128.8273339756411,8.587772771395978,6.170826349190147,0.3022205633341612,54.29624424160984,67.86982692347264,367.35902450588065,19.75460231879617,24.645971808197178,0.00285156118014009,0.002300317305156757,0.003993949985552857
img_155.png,121.75652852325844,9.752320332059632,5.860178482143467,0.2700868645518765,56.99751877350096,71.97311538664005,476.1135591801451,23.415164200983085,9.301271551172192,0.003910373964786586,0.002400983909850502,0.0015871993625303513
img_156.png,148.3717162446321,13.66718418356605,6.484900129623133,0.28579922443534217,60.43254858146778,34.9282507328296,303.9340638356352,37.845610789589315,7.502209255027351,0.002048463625874053,0.0027690861761485836,0.0011568735223472652
img_157.png,120.84635335590215,12.917324353468043,6.492204606349416,0.2724579566034223,54.7676718586349,62.546603196123996,380.3801479762869,35.90937588560239,15.795677416467345,0.0031476344747949237,0.0027799391656493817,0.002433022120254663
img_158.png,124.35573930598669,10.078560601337225,4.108480991020606,0.3270561511818782,56.19183594407204,4.3806230310397165,252.05824774080236,29.339633678026377,14.613903730486552,0.002026912864235353,0.0029110936411032334,0.003557008968138428
img_159.png,145.98396303512203,8.349859634634235,5.161260051460984,0.3261509942353735,61.237298368312125,13.030061287299306,349.405325211053,17.47337334100319,15.75609786580739,0.002393450060860385,0.002092654739790558,0.0030527618660383823
img_160.png,143.39761280512388,10.955621893622736,5.622128893196688,0.2738333824673403,62.4818387433776,82.2501668925575,419.91457796292036,20.536310820248783,11.158766742918722,0.0029283233503585634,0.0018744997791684435,0.001984793830753666
img_161.png,138.6321333160583,8.087056432240468,4.782204473159369,0.2766696380854314,61.22533545057387,40.55661843608904,436.19608781671474,12.11591265863194,12.638808500380506,0.0031464284461543987,0.0014981857441144753,0.002642883333683694
img_162.png,129.41993192989733,10.626566577753339,5.767316217647547,0.2861919161733819,57.51632943490658,66.93892772019426,508.51756723633406,29.56434050513381,21.589921234442304,0.003929205955013034,0.0027821159627444106,0.0037434953138825292
img_163.png,130.37565652699942,9.161015741989186,6.250920163006342,0.270729579371695,57.796485870222085,76.87420630017878,286.3436744953071,12.248667766623887,9.69185864505168,0.0021962970858444603,0.0013370425410888184,0.0015504691137169218
img_164.png,135.9705103185774,13.17621732144627,6.047925582001716,0.2603670207711725,54.826166795375464,55.07787552227843,430.8460874508914,34.62780403040849,7.065411026082833,0.0031686730191820547,0.0026280534986354957,0.001168237097213811
img_165.png,138.57966710194634,9.162723648280927,5.196988876143394,0.3214422618876719,56.37124849615194,53.03482947302417,379.95311105718827,14.02044829877918,5.489035117137865,0.002741766660311539,0.0015301616459216948,0.0010561952792192994
img_166.png,135.3133406321751,8.391407658408802,4.375882951994087,0.3470784657032361,55.89501512540073,69.46835371463335,330.29154766602926,17.335169301455903,6.3803345629437365,0.0024409385366064326,0.0020658237577201722,0.0014580679220490167
img_167.png,133.70955289295645,13.126009343888155,4.3130642138137265,0.299004376881436,57.572573075563085,83.79518560251172,475.2523403803575,19.54311023733701,14.764963549700463,0.003554363395118292,0.0014888843764564925,0.003423311784325346
img_168.png,144.9839504534348,14.238433167105713,6.7510237245713025,0.2688208570535633,60.79448128484055,57.99270869034402,299.6498841214996,36.399285812084784,10.947318028915026,0.002066779689643921,0.0025564109045492518,0.0016215789598058616
img_169.png,146.34048144522555,12.598475657809155,5.869377055339322,0.32869171953151594,57.54516142853628,73.04774257142758,319.75361021746517,18.694296312396286,22.149771688880445,0.0021849976647585873,0.001483853826459445,0.003773785783404559
img_170.png,122.1149858908659,9.343271381788666,4.564488013123912,0.2557200391879974,57.45003404749258,45.800830092885484,390.621342861193,24.05411469614924,17.382070637019073,0.003198799393960469,0.0025744852860673673,0.0038081096033206305
img_171.png,128.25000673092913,9.493485988493283,5.6069381207027575,0.2968234917697305,53.70820356980008,64.94987105289786,332.8215833439144,23.85750673562943,19.717718852629098,0.002595099928861448,0.0025130396531417715,0.003516664252067354
img_172.png,132.45496247060439,10.44790704833704,5.019513676912915,0.2659044526743099,56.566777724926084,72.9640752417844,268.1279015151374,22.460687468667086,7.622956307892963,0.002024294873622744,0.0021497786460726678,0.0015186643166158697
img_173.png,121.74423302096376,12.609215556270147,6.137510092181156,0.3467547449000471,56.32673529364932,10.264478113497018,324.96870289897396,23.180614042933474,20.314926343101074,0.0026692738935980313,0.0018383866894405275,0.003309962189549986
img_174.png,127.08427894942737,9.28245655389839,6.3822576529776285,0.3166628648876679,62.574610539022956,37.688689490568116,402.5101432330769,17.03072490747883,10.61754153751647,0.003167269362981192,0.0018347217472648842,0.001663602774256987
img_175.png,146.61595353835855,12.396219785377735,6.686325387285375,0.29295099952768866,50.02754532112739,68.64179679155896,459.20519940183266,12.88352942736073,18.172351180755204,0.0031320275066907544,0.0010393111489163667,0.002717838293558297
img_176.png,126.05419978105678,13.097398882284166,4.513203251912596,0.27096189673861754,60.11244685849792,78.23516672226307,419.9935928722327,25.538034966795465,13.92647717714798,0.0033318492648536776,0.001949855478658345,0.00308571903364783
img_177.png,132.76176123563243,11.705149548104067,4.341222449027559,0.3331478063722879,54.799119094485,27.108485499523667,289.0931775566404,23.559959772921808,9.783895284387741,0.0021775334619397136,0.00201278588334977,0.002253718946509951
img_178.png,142.36519357725356,9.006707606845646,4.852230373074599,0.273109069501595,53.1488222474028,33.000631440297354,499.5845725690346,16.333163237870735,12.63752519274299,0.0035091763654852776,0.0018134443739970573,0.002604477574451039
img_179.png,145.89015796723103,10.7686825270721,4.440424328039844,0.3006554002256013,50.56502389855581,31.00111074899617,441.82315188319143,21.91818226990895,15.357465964333606,0.003028464414867733,0.0020353633988937263,0.0034585581984487774
img_180.png,129.4755447947537,10.271199995442755,4.704980221884784,0.3053102176929013,53.27675138327925,84.69589535704999,448.6229756404266,12.765060899267665,8.499938309579946,0.0034649244098689798,0.0012428013187292053,0.0018065832179364456
img_181.png,140.09899350631923,9.860972465030196,6.652883746212324,0.28393474388507395,53.07039701648812,37.82177128943898,346.7907305626214,18.828857911531273,8.423591054418734,0.0024753263523408483,0.001909432155733498,0.0012661563580176078
img_182.png,121.13842370665874,8.162075893642443,4.613425714189875,0.3095926550021543,61.85590656063197,51.08677961891069,261.9749946497584,19.648104834016724,12.26653014676686,0.002162608581436892,0.002407243584848422,0.002658876701761499
img_183.png,123.61977731216936,11.088463067589995,5.728505102629995,0.3183598831470273,51.37661546508518,62.15859115077836,479.9584340804196,28.524747391744828,16.450141660723325,0.0038825376045485854,0.0025724707940019765,0.002871629049116314
img_184.png,141.17344251987896,13.197360317638037,4.873578506560295,0.2977985877868058,56.5280958846337,31.81232111767884,412.10260825602495,28.981969185959027,13.999832859369993,0.002919122753544781,0.0021960428819409548,0.0028725982028451787
img_185.png,143.794367970958,9.339660869871242,4.939281718598591,0.30861066302692886,51.966365297058964,88.67954490540217,522.5782697404362,20.26166216378264,18.400684022461714,0.0036342054081421383,0.002169421614562539,0.003725376496176552
img_186.png,125.89809528044448,12.343043290198114,6.746893649246544,0.2641067420010458,50.62014705091683,87.06465425473257,286.2227011440623,27.34032637025092,10.776768830513618,0.002273447429895476,0.0022150393324766576,0.0015972934198713964
img_187.png,142.54729168921378,14.995909379882578,5.8977034026576405,0.27210791666146844,58.58436933961546,22.056706624843777,379.2333513867838,25.554348038611717,15.097865211019492,0.002660403764201993,0.0017040879209962133,0.002559956678088635
img_188.png,137.5937497827525,8.224476096901228,6.728430093955043,0.3183571610576901,54.140826759336306,61.49992652192027,355.6928192297898,12.496692811703786,15.750943743561008,0.00258509430690998,0.0015194515327744975,0.002340953762410636
img_189.png,139.42913390852814,11.260011360508791,6.722491750544177,0.2503592341630373,50.71586838315681,43.786257841634956,347.8042664737195,20.952735371128952,12.514200882819093,0.002494487749611175,0.00186080943440382,0.0018615420214991092
img_190.png,143.37841254421312,14.608016302494427,6.135160843399614,0.3422565315811683,58.24879786829832,26.040644095872118,475.5948904905549,43.26708021071013,19.197707056391174,0.003317060651260156,0.00296187239353792,0.0031291285667016584
img_191.png,144.79476261615366,14.448014826658056,6.051957317652295,0.25656485061288187,55.356008137627256,39.74013725070592,369.48377370306423,30.048071226018298,10.275630776194841,0.0025517758172134584,0.0020797370148441813,0.0016979020566161252
img_192.png,130.80070246804578,10.87314705014497,5.691363925075949,0.25857787692658535,61.47690248938979,40.42230507716343,369.51569756048974,27.687234748675916,15.409819964890067,0.0028250283873724707,0.002546386489669223,0.002707579442775561
img_193.png,125.71478763782451,8.830250643874567,4.816601517204377,0.32537741069331527,53.37183629339624,48.771475950035,305.998532231841,15.666473425398781,12.349793923253054,0.002434069515460674,0.0017741821899774062,0.002564005737061896
img_194.png,144.88968970908743,11.180478330395292,5.97850216543606,0.33072206770348106,57.95496103219561,52.72428883655131,511.8496947667934,13.873738287069777,7.26182936940488,0.0035326854229206783,0.0012408895109033554,0.0012146569773593477
img_195.png,143.80461728308364,13.996962160592801,4.55396385386606,0.25325488228873205,61.52596445517102,5.525906166744166,413.30772055990593,23.933252173738005,6.38786968749498,0.0028740921423009488,0.0017098890387172686,0.0014027053996206046
img_196.png,144.2502131070462,9.646781189534455,6.2471267382166324,0.3374231523133853,62.24695288232864,66.45444984278063,299.591217238391,16.016608311986193,9.930042303546983,0.0020768857860616694,0.001660305960848599,0.0015895375137501553
img_197.png,146.94880806859152,8.390246751629576,4.444768555576772,0.30418559220756786,64.4240199652171,36.5691942062468,375.3195663350335,24.583069964148432,13.895934229023865,0.0025540837742613403,0.002929957925179476,0.0031263572119157664
img_198.png,125.40197625979206,12.073790226696692,5.7276979693086085,0.314012061858613,51.48947408469819,61.98177919206136,351.95400834412806,26.814707174387237,21.54980342383181,0.0028066065531135963,0.0022209021915170013,0.0037623847380404193
img_199.png,131.37106153939865,13.316524711447446,6.342589565900727,0.28379128767932504,58.107133429332364,18.640624127623344,328.71244321691654,17.173291011332672,14.6752767088529,0.0025021678242154914,0.0012896225842294864,0.002313767358958663
